--
-- PostgreSQL database dump
--

-- Dumped from database version 14.18 (Homebrew)
-- Dumped by pg_dump version 16.9 (Homebrew)

SET statement_timeout = 0;
SET lock_timeout = 0;
SET idle_in_transaction_session_timeout = 0;
SET client_encoding = 'UTF8';
SET standard_conforming_strings = on;
SELECT pg_catalog.set_config('search_path', '', false);
SET check_function_bodies = false;
SET xmloption = content;
SET client_min_messages = warning;
SET row_security = off;

--
-- Name: public; Type: SCHEMA; Schema: -; Owner: rajatrajat
--

-- *not* creating schema, since initdb creates it


ALTER SCHEMA public OWNER TO rajatrajat;

SET default_tablespace = '';

SET default_table_access_method = heap;

--
-- Name: game_event; Type: TABLE; Schema: public; Owner: rajat
--

CREATE TABLE public.game_event (
    id bigint NOT NULL,
    configuration text,
    end_time timestamp(6) without time zone,
    name character varying(255),
    start_time timestamp(6) without time zone
);


ALTER TABLE public.game_event OWNER TO rajat;

--
-- Name: game_event_id_seq; Type: SEQUENCE; Schema: public; Owner: rajat
--

ALTER TABLE public.game_event ALTER COLUMN id ADD GENERATED BY DEFAULT AS IDENTITY (
    SEQUENCE NAME public.game_event_id_seq
    START WITH 1
    INCREMENT BY 1
    NO MINVALUE
    NO MAXVALUE
    CACHE 1
);


--
-- Name: player; Type: TABLE; Schema: public; Owner: rajat
--

CREATE TABLE public.player (
    id bigint NOT NULL,
    creation_date timestamp(6) without time zone,
    device_id character varying(255),
    platform character varying(255),
    username character varying(255),
    country character varying(255)
);


ALTER TABLE public.player OWNER TO rajat;

--
-- Name: player_id_seq; Type: SEQUENCE; Schema: public; Owner: rajat
--

ALTER TABLE public.player ALTER COLUMN id ADD GENERATED BY DEFAULT AS IDENTITY (
    SEQUENCE NAME public.player_id_seq
    START WITH 1
    INCREMENT BY 1
    NO MINVALUE
    NO MAXVALUE
    CACHE 1
);


--
-- Name: progression; Type: TABLE; Schema: public; Owner: rajat
--

CREATE TABLE public.progression (
    id bigint NOT NULL,
    cash integer NOT NULL,
    country character varying(255),
    gem integer NOT NULL,
    gold integer NOT NULL,
    last_active_time timestamp(6) without time zone,
    level integer NOT NULL,
    rank integer NOT NULL,
    player_id bigint
);


ALTER TABLE public.progression OWNER TO rajat;

--
-- Name: progression_id_seq; Type: SEQUENCE; Schema: public; Owner: rajat
--

ALTER TABLE public.progression ALTER COLUMN id ADD GENERATED BY DEFAULT AS IDENTITY (
    SEQUENCE NAME public.progression_id_seq
    START WITH 1
    INCREMENT BY 1
    NO MINVALUE
    NO MAXVALUE
    CACHE 1
);


--
-- Name: progression_rewards_collected; Type: TABLE; Schema: public; Owner: rajat
--

CREATE TABLE public.progression_rewards_collected (
    progression_id bigint NOT NULL,
    rewards_collected character varying(255)
);


ALTER TABLE public.progression_rewards_collected OWNER TO rajat;

--
-- Name: score; Type: TABLE; Schema: public; Owner: rajat
--

CREATE TABLE public.score (
    id bigint NOT NULL,
    country character varying(255),
    game_id bigint,
    played timestamp(6) without time zone,
    score integer NOT NULL,
    player_id bigint
);


ALTER TABLE public.score OWNER TO rajat;

--
-- Name: score_id_seq; Type: SEQUENCE; Schema: public; Owner: rajat
--

ALTER TABLE public.score ALTER COLUMN id ADD GENERATED BY DEFAULT AS IDENTITY (
    SEQUENCE NAME public.score_id_seq
    START WITH 1
    INCREMENT BY 1
    NO MINVALUE
    NO MAXVALUE
    CACHE 1
);


--
-- Data for Name: game_event; Type: TABLE DATA; Schema: public; Owner: rajat
--

COPY public.game_event (id, configuration, end_time, name, start_time) FROM stdin;
2	{"rewards":"1000 coins","eligibility":"level >= 10"}	2025-06-20 22:00:00	Summer Tournament	2025-06-10 10:00:00
3	{"rewards":"Live reward","eligibility":"everyone"}	2025-06-10 23:59:59	Test Live Event	2025-06-01 10:00:00
4	{"rewards":"1000 coins","eligibility":"level >= 10"}	2025-12-31 23:59:59	Summer Tournament	2025-06-01 00:00:00
5	{"rewards": "gold, gems", "eligibility": "level > 10"}	2025-06-10 23:59:59	Weekly Challenge	2025-06-05 10:00:00
1	{"rewards": "gold", "eligibility": "level > 5"}	2025-06-12 23:59:59	Updated Challenge	2025-06-06 10:00:00
6	rewards: 500 gold, eligibility: level > 10	2100-01-01 02:00:00	Night Tournament	2099-12-31 22:00:00
\.


--
-- Data for Name: player; Type: TABLE DATA; Schema: public; Owner: rajat
--

COPY public.player (id, creation_date, device_id, platform, username, country) FROM stdin;
1	2025-06-05 21:38:28.948846	device-1	Android	user1	Canada
2	2025-06-05 21:38:29.001144	device-2	Android	user2	Canada
3	2025-06-05 21:38:29.022829	device-3	Android	user3	Canada
4	2025-06-05 21:38:29.042829	device-4	Android	user4	Canada
5	2025-06-05 21:38:29.06421	device-5	Android	user5	Canada
6	2025-06-05 21:38:29.090146	device-6	Android	user6	Canada
7	2025-06-05 21:38:29.11569	device-7	Android	user7	Canada
8	2025-06-05 21:38:29.136605	device-8	Android	user8	Canada
9	2025-06-05 21:38:29.157342	device-9	Android	user9	Canada
10	2025-06-05 21:38:29.179189	device-10	Android	user10	Canada
11	2025-06-05 21:38:29.199927	device-11	Android	user11	Canada
12	2025-06-05 21:38:29.223226	device-12	Android	user12	Canada
13	2025-06-05 21:38:29.246182	device-13	Android	user13	Canada
14	2025-06-05 21:38:29.269893	device-14	Android	user14	Canada
15	2025-06-05 21:38:29.294635	device-15	Android	user15	Canada
16	2025-06-05 21:39:23.909844	device-16	IOS	user16	India
17	2025-06-05 21:39:23.93511	device-17	IOS	user17	India
18	2025-06-05 21:39:23.956998	device-18	IOS	user18	India
19	2025-06-05 21:39:23.983746	device-19	IOS	user19	India
20	2025-06-05 21:39:24.016692	device-20	IOS	user20	India
21	2025-06-05 21:39:24.040509	device-21	IOS	user21	India
22	2025-06-05 21:39:24.065719	device-22	IOS	user22	India
23	2025-06-05 21:39:24.090054	device-23	IOS	user23	India
24	2025-06-05 21:39:24.113273	device-24	IOS	user24	India
25	2025-06-05 21:39:24.135831	device-25	IOS	user25	India
26	2025-06-05 21:39:24.158656	device-26	IOS	user26	India
27	2025-06-05 21:39:24.182469	device-27	IOS	user27	India
28	2025-06-05 21:39:24.205097	device-28	IOS	user28	India
29	2025-06-05 21:39:24.22551	device-29	IOS	user29	India
30	2025-06-05 21:39:24.245776	device-30	IOS	user30	India
\.


--
-- Data for Name: progression; Type: TABLE DATA; Schema: public; Owner: rajat
--

COPY public.progression (id, cash, country, gem, gold, last_active_time, level, rank, player_id) FROM stdin;
1	341	\N	52	7501	2025-06-05 12:00:00	18	4	1
2	2763	\N	13	3510	2025-06-05 12:00:00	44	9	2
3	2612	\N	22	7696	2025-06-05 12:00:00	16	8	3
4	2431	\N	303	258	2025-06-05 12:00:00	18	10	4
5	1878	\N	60	9680	2025-06-05 12:00:00	31	5	5
6	4172	\N	45	1990	2025-06-05 12:00:00	18	2	6
7	3780	\N	178	1484	2025-06-05 12:00:00	21	10	7
8	3839	\N	27	6618	2025-06-05 12:00:00	44	3	8
9	2880	\N	42	2498	2025-06-05 12:00:00	6	8	9
10	3527	\N	128	4496	2025-06-05 12:00:00	32	7	10
11	4251	\N	155	2807	2025-06-05 12:00:00	10	6	11
12	1414	\N	107	3681	2025-06-05 12:00:00	15	3	12
13	2188	\N	190	4070	2025-06-05 12:00:00	41	7	13
14	4649	\N	135	8191	2025-06-05 12:00:00	49	7	14
15	3144	\N	140	7843	2025-06-05 12:00:00	24	9	15
16	5034	\N	214	8243	2025-06-05 12:00:00	15	4	16
17	4829	\N	91	2670	2025-06-05 12:00:00	10	1	17
18	4743	\N	164	888	2025-06-05 12:00:00	46	2	18
19	2396	\N	303	2068	2025-06-05 12:00:00	44	5	19
20	1614	\N	235	3970	2025-06-05 12:00:00	10	8	20
21	3574	\N	119	4355	2025-06-05 12:00:00	27	7	21
22	624	\N	153	9123	2025-06-05 12:00:00	10	8	22
23	4395	\N	228	9852	2025-06-05 12:00:00	6	6	23
24	1182	\N	201	1989	2025-06-05 12:00:00	7	2	24
25	2733	\N	117	4679	2025-06-05 12:00:00	16	1	25
26	1956	\N	177	3570	2025-06-05 12:00:00	16	7	26
27	2680	\N	182	2681	2025-06-05 12:00:00	10	10	27
28	1558	\N	28	7881	2025-06-05 12:00:00	6	6	28
29	5003	\N	114	2001	2025-06-05 12:00:00	44	1	29
30	1514	\N	237	305	2025-06-05 12:00:00	8	4	30
\.


--
-- Data for Name: progression_rewards_collected; Type: TABLE DATA; Schema: public; Owner: rajat
--

COPY public.progression_rewards_collected (progression_id, rewards_collected) FROM stdin;
1	reward-24
2	reward-41
3	reward-33
4	reward-60
5	reward-5
6	reward-69
7	reward-6
8	reward-83
9	reward-12
10	reward-14
11	reward-57
12	reward-34
13	reward-89
14	reward-30
15	reward-19
16	reward-60
17	reward-37
18	reward-16
19	reward-69
20	reward-72
21	reward-43
22	reward-94
23	reward-31
24	reward-33
25	reward-34
26	reward-40
27	reward-53
28	reward-13
29	reward-59
30	reward-6
\.


--
-- Data for Name: score; Type: TABLE DATA; Schema: public; Owner: rajat
--

COPY public.score (id, country, game_id, played, score, player_id) FROM stdin;
1	Canada	123	2025-06-05 12:30:00	4560	1
2	Canada	102	2025-06-05 16:52:20	1006	2
3	Canada	104	2025-06-05 16:52:20	1764	3
4	Canada	101	2025-06-05 16:52:20	3597	4
5	Canada	100	2025-06-05 16:52:20	1595	5
6	Canada	105	2025-06-05 16:52:20	3892	6
7	Canada	103	2025-06-05 16:52:20	1985	7
8	Canada	102	2025-06-05 16:52:20	2389	8
9	Canada	102	2025-06-05 16:52:20	1891	9
10	Canada	101	2025-06-05 16:52:20	2584	10
11	Canada	103	2025-06-05 16:52:20	3582	11
12	Canada	104	2025-06-05 16:52:20	3603	12
13	Canada	105	2025-06-05 16:52:20	4747	13
14	Canada	102	2025-06-05 16:52:20	4429	14
15	Canada	102	2025-06-05 16:52:20	3568	15
16	India	100	2025-06-05 16:52:20	4674	16
17	India	101	2025-06-05 16:52:20	4113	17
18	India	101	2025-06-05 16:52:20	4823	18
19	India	102	2025-06-05 16:52:20	4919	19
20	India	105	2025-06-05 16:52:20	1868	20
21	India	103	2025-06-05 16:52:20	3851	21
22	India	100	2025-06-05 16:52:20	3977	22
23	India	101	2025-06-05 16:52:20	849	23
24	India	103	2025-06-05 16:52:20	1766	24
25	India	103	2025-06-05 16:52:20	677	25
26	India	102	2025-06-05 16:52:20	3380	26
27	India	101	2025-06-05 16:52:21	3235	27
28	India	105	2025-06-05 16:52:21	2164	28
29	India	101	2025-06-05 16:52:21	3344	29
30	India	100	2025-06-05 16:52:21	1404	30
\.


--
-- Name: game_event_id_seq; Type: SEQUENCE SET; Schema: public; Owner: rajat
--

SELECT pg_catalog.setval('public.game_event_id_seq', 6, true);


--
-- Name: player_id_seq; Type: SEQUENCE SET; Schema: public; Owner: rajat
--

SELECT pg_catalog.setval('public.player_id_seq', 30, true);


--
-- Name: progression_id_seq; Type: SEQUENCE SET; Schema: public; Owner: rajat
--

SELECT pg_catalog.setval('public.progression_id_seq', 30, true);


--
-- Name: score_id_seq; Type: SEQUENCE SET; Schema: public; Owner: rajat
--

SELECT pg_catalog.setval('public.score_id_seq', 30, true);


--
-- Name: game_event game_event_pkey; Type: CONSTRAINT; Schema: public; Owner: rajat
--

ALTER TABLE ONLY public.game_event
    ADD CONSTRAINT game_event_pkey PRIMARY KEY (id);


--
-- Name: player player_pkey; Type: CONSTRAINT; Schema: public; Owner: rajat
--

ALTER TABLE ONLY public.player
    ADD CONSTRAINT player_pkey PRIMARY KEY (id);


--
-- Name: progression progression_pkey; Type: CONSTRAINT; Schema: public; Owner: rajat
--

ALTER TABLE ONLY public.progression
    ADD CONSTRAINT progression_pkey PRIMARY KEY (id);


--
-- Name: score score_pkey; Type: CONSTRAINT; Schema: public; Owner: rajat
--

ALTER TABLE ONLY public.score
    ADD CONSTRAINT score_pkey PRIMARY KEY (id);


--
-- Name: progression fk62b8gn7qpnax1m2i807o6cbbe; Type: FK CONSTRAINT; Schema: public; Owner: rajat
--

ALTER TABLE ONLY public.progression
    ADD CONSTRAINT fk62b8gn7qpnax1m2i807o6cbbe FOREIGN KEY (player_id) REFERENCES public.player(id);


--
-- Name: score fk7fnyc71v3bhevmxexy2fwx695; Type: FK CONSTRAINT; Schema: public; Owner: rajat
--

ALTER TABLE ONLY public.score
    ADD CONSTRAINT fk7fnyc71v3bhevmxexy2fwx695 FOREIGN KEY (player_id) REFERENCES public.player(id);


--
-- Name: progression_rewards_collected fk8meyuily3tmlnmwnj61s038gn; Type: FK CONSTRAINT; Schema: public; Owner: rajat
--

ALTER TABLE ONLY public.progression_rewards_collected
    ADD CONSTRAINT fk8meyuily3tmlnmwnj61s038gn FOREIGN KEY (progression_id) REFERENCES public.progression(id);


--
-- Name: SCHEMA public; Type: ACL; Schema: -; Owner: rajatrajat
--

REVOKE USAGE ON SCHEMA public FROM PUBLIC;
GRANT ALL ON SCHEMA public TO PUBLIC;


--
-- PostgreSQL database dump complete
--

